https://www.cpp.edu/index.shtml,54
https://www.cpp.edu/privacy.shtml,9
https://www.cpp.edu/safer-return/health-and-safety-protocols/face-coverings.shtml,30
https://www.cpp.edu/safer-return/reporting/workplace-exposure.shtml,40
https://www.cpp.edu/prospective-student-gateway/index.shtml,116
https://www.cpp.edu/student-gateway/index.shtml,118
https://www.cpp.edu/faculty-staff-gateway/index.shtml,89
https://www.cpp.edu/family/index.shtml,25
https://www.cpp.edu/alumni/,50
https://www.cpp.edu/orientation/index.shtml,39
https://www.cpp.edu/president/from-the-president/2022-spring/another-year-of-transforming-lives-and-communities.shtml,30
https://www.cpp.edu/cafe/cool/index.shtml,28
https://www.cpp.edu/cla/,13
https://www.cpp.edu/together/bronco-bingo/index.shtml,10
https://www.cpp.edu/orientation/,39
https://www.cpp.edu/agri/,109
https://www.cpp.edu/cba/,69
https://www.cpp.edu/ceis/,67
https://www.cpp.edu/engineering/,71
https://www.cpp.edu/env/,62
https://www.cpp.edu/ceu/index.shtml,27
https://www.cpp.edu/collins/,32
https://www.cpp.edu/class/,47
https://www.cpp.edu/sci,49
https://www.cpp.edu/president/,33
https://www.cpp.edu/academic-affairs/index.shtml,89
https://www.cpp.edu/admin-affairs/index.shtml,43
https://www.cpp.edu/student-affairs/index.shtml,41
https://www.cpp.edu/it/index.shtml,41
https://www.cpp.edu/giving/about-us.shtml,24
https://www.cpp.edu/philanthropy/,23
https://www.cpp.edu/annual-security-report.shtml,9
https://www.cpp.edu/campus-safety-plan.shtml,14
https://www.cpp.edu/em/,74
https://www.cpp.edu/officeofequity/titleIX/index.shtml,37
https://www.cpp.edu/academic-manual,33
https://www.cpp.edu/library/index.shtml,22
https://www.cpp.edu/events/,16
https://www.cpp.edu/alpha-index/index.shtml,10
https://www.cpp.edu/stratcomm/media.shtml,20
https://www.cpp.edu/broncodreamers/index.shtml,36
https://www.cpp.edu/admissions/,34
https://www.cpp.edu/giving/index.shtml,23
https://www.cpp.edu/jobs/index.shtml,25
https://www.cpp.edu/contact.shtml,16
https://www.cpp.edu/~aboutcpp/index.shtml,57
https://www.cpp.edu/website-feedback.shtml,9
https://www.cpp.edu/accessibility.shtml,14
https://www.cpp.edu/file-viewers.shtml,9
https://www.cpp.edu/safer-return/index.shtml,29
https://www.cpp.edu/safer-return/phases/employee-repopulation-plan.shtml,26
https://www.cpp.edu/safer-return/phases/index.shtml,28
https://www.cpp.edu/safer-return/reporting/index.shtml,27
https://www.cpp.edu/safer-return/reporting/reponse-plan.shtml,32
https://www.cpp.edu/safer-return/reporting/reporting-guide.shtml,30
https://www.cpp.edu/safer-return/reporting/quarantine-isolation.shtml,24
https://www.cpp.edu/safer-return/health-and-safety-protocols/index.shtml,45
https://www.cpp.edu/safer-return/news-and-updates/index.shtml,28
https://www.cpp.edu/safer-return/checklist/index.shtml,27
https://www.cpp.edu/safer-return/heerf/index.shtml,17
https://www.cpp.edu/safer-return/materials.shtml,35
https://www.cpp.edu/safer-return/events.shtml,28
https://www.cpp.edu/safer-return/vaccine.shtml,28
https://www.cpp.edu/safer-return/health-and-safety-protocols/ppe.shtml,35
https://www.cpp.edu/safer-return/news-and-updates/messages-to-the-community/change-in-campus-masking-requirements.shtml,31
https://www.cpp.edu/em/covid-19.shtml,66
https://www.cpp.edu/benefits/benefits-covid19.shtml,43
https://www.cpp.edu/workers-comp/index.shtml,20
https://www.cpp.edu/officeofequity/discrimination-harassment-retaliation/index.shtml,36
https://www.cpp.edu/officeofequity/discrimination-harassment-retaliation/report-an-incident.shtml,36
https://www.cpp.edu/~academics/colleges-departments/index.shtml,115
https://www.cpp.edu/~academics/majors-degrees/index.shtml,62
https://www.cpp.edu/~outreach/pre-admission-advising.shtml ,10
https://www.cpp.edu/outreach/tours.shtml,25
https://www.cpp.edu/~agri/,109
https://www.cpp.edu/~studentsuccess/bac/index.shtml,1
https://www.cpp.edu/~studentsuccess/directories/advising-directory.shtml,61
https://www.cpp.edu/~studentsuccess/,45
https://www.cpp.edu/~library/index.shtml,22
https://www.cpp.edu/~studentsuccess/academic-calendar/index.shtml,1
https://www.cpp.edu/~lrc/,28
https://www.cpp.edu/~studentsuccess/oss/fye/index.shtml,21
https://www.cpp.edu/~gradstudies/,28
https://www.cpp.edu/registrar//transfer-credit-info/index.shtml,52
https://www.cpp.edu/~our-cpp/,40
https://www.cpp.edu/~international/study-abroad/index.shtml,53
https://www.cpp.edu/~testcenter/index.shtml,1
https://www.cpp.edu/~studentsuccess/oss/early-start/,25
https://www.cpp.edu/~studentsuccess/oss/graduation-pledge/index.shtml,16
https://www.cpp.edu/~student-accounting/,23
https://www.cpp.edu/~financial-aid/,52
https://www.cpp.edu/~international/index.shtml,81
https://www.cpp.edu/~honorscollege/index.shtml,29
https://www.cpp.edu/siil/index.shtml,46
https://www.cpp.edu/ai/index.shtml,56
https://www.cpp.edu/~officeofequity/,36
https://www.cpp.edu/~oslcc/index.shtml,31
https://www.cpp.edu/~deanofstudents/bdrc/,1
https://www.cpp.edu/broncodreamers/carecen/about.shtml,31
https://www.cpp.edu/~drc/index.shtml,32
https://www.cpp.edu/~studentconduct/,29
https://www.cpp.edu/~campus-life/diversity/index.shtml,70
https://www.cpp.edu/~career/,36
https://www.cpp.edu/~polytransfer/,27
https://www.cpp.edu/~ssep/index.shtml,82
https://www.cpp.edu/~veterans/,63
https://www.cpp.edu/~cce/,34
https://www.cpp.edu/~orientation/,39
https://www.cpp.edu/oslcc/greek-life/index.shtml,21
https://www.cpp.edu/housing/futureresidents/floorplans.shtml,15
https://www.cpp.edu/health/index.shtml,48
https://www.cpp.edu/caps/index.shtml,40
https://www.cpp.edu/health/bronco-wellness-services.shtml,40
https://www.cpp.edu/basicneeds/index.shtml,37
https://www.cpp.edu/~officeofequity/titleIX/index.shtml,37
https://www.cpp.edu/police/programs-and-services/safety-escort-service.shtml#cso,29
https://www.cpp.edu/~police/index.shtml,43
https://www.cpp.edu/em/emergency-procedures.shtml,67
https://www.cpp.edu/em/emergency-communication/safety-alert-system.shtml,72
https://www.cpp.edu/~cppbit/,21
https://www.cpp.edu/maps/,0
https://www.cpp.edu/~parking/index.shtml,25
https://www.cpp.edu/transportation/commuting-to-campus/rideshare.shtml,34
https://www.cpp.edu/transportation/commuting-to-campus/bike-walk.shtml,23
https://www.cpp.edu/transportation/commuting-to-campus/bronco-shuttle.shtml,23
https://www.cpp.edu/transportation/commuting-to-campus/riding-the-bus.shtml,23
https://www.cpp.edu/~compass/,15
https://www.cpp.edu/~mobile-app/,10
https://www.cpp.edu/~career/index.shtml ,10
https://www.cpp.edu/student-affairs/covid19.shtml,37
https://www.cpp.edu/studentsuccess/virtual-advising-toolkit.shtml,70
https://www.cpp.edu/~registrar/,15
https://www.cpp.edu/~academic-programs/,22
https://www.cpp.edu/~studentservices/index.shtml,59
https://www.cpp.edu/~studentsuccess/index.shtml,45
https://www.cpp.edu/~studentsuccess/bronco-advising-center/index.shtml ,10
https://www.cpp.edu/~financial-aid/index.shtml,52
https://www.cpp.edu/~student-accounting/index.shtml,23
https://www.cpp.edu/~studentsuccess/advising/index.shtml,50
https://www.cpp.edu/it/studenttechnologyresources/,27
https://www.cpp.edu/~admissions/index.shtml,34
https://www.cpp.edu/admissions/returning-students.shtml,50
https://www.cpp.edu/~outreach/index.shtml,23
https://www.cpp.edu/~veterans/admissions/index.shtml,54
https://www.cpp.edu/~academics/university-catalog/index.shtml,0
https://www.cpp.edu/~academics/research.shtml,75
https://www.cpp.edu/~academics/academic-resources/index.shtml,84
https://www.cpp.edu/siil/,46
https://www.cpp.edu/~veterans/index.shtml,63
https://www.cpp.edu/campus-life/student-services/index.shtml,76
https://www.cpp.edu/~student-affairs/,41
https://www.cpp.edu/~campus-life/student-activities/index.shtml,60
https://www.cpp.edu/~campus-life/housing-dining/index.shtml,27
https://www.cpp.edu/~housing/,42
https://www.cpp.edu/~farmstore/,11
https://www.cpp.edu/~health/index.shtml,48
https://www.cpp.edu/~caps/index.shtml,40
https://www.cpp.edu/~health/bronco-wellness-services.shtml,40
https://www.cpp.edu/~housing/fitness-express/index.shtml,10
https://www.cpp.edu/~campus-life/recreation-fitness/index.shtml,53
https://www.cpp.edu/parking/services/safety-escort-service.shtml,23
https://www.cpp.edu/~ehs/files/common/pdf/EmergencyProcedureManual.pdf,10
https://www.cpp.edu/broncodirect/,0
https://www.cpp.edu/~campus-life/campus-safety-info/index.shtml,76
https://www.cpp.edu/~parking/,25
https://www.cpp.edu/~career/index.shtml,36
https://www.cpp.edu/~career/student/student-employment.shtml,10
https://www.cpp.edu/~campus-life/student-jobs/index.shtml,62
https://www.cpp.edu/~career/handshake.shtml,10
https://www.cpp.edu/~career/calendar.shtml,53
https://www.cpp.edu/it/students/index.shtml,30
https://www.cpp.edu/canvas/index.shtml,12
https://www.cpp.edu/~broncodirect,0
https://www.cpp.edu/canvas/,12
https://www.cpp.edu/~academic-affairs/,89
https://www.cpp.edu/~faculty-affairs/,50
https://www.cpp.edu/~senate/index.shtml,67
https://www.cpp.edu/~policies/,64
https://www.cpp.edu/~advising/,16
https://www.cpp.edu/~drc/,32
https://www.cpp.edu/cafe/index.shtml,33
https://www.cpp.edu/~testcenter/,1
https://www.cpp.edu/~academic-programs/calendar/calendar.shtml,10
https://www.cpp.edu/~studentsuccess/bac/,1
https://www.cpp.edu/~new/employee-resource-center/index.shtml,76
https://www.cpp.edu/~fpm/management/index.shtml,10
https://www.cpp.edu/~payroll/index.shtml,43
https://www.cpp.edu/~payroll/calendars/index.shtml,33
https://www.cpp.edu/~extended-education/index.shtml,10
https://www.cpp.edu/~policies/index.shtml,64
https://www.cpp.edu/~od/,22
https://www.cpp.edu/~hr/employee-labor//online-training.shtml,10
https://www.cpp.edu/~new/,64
https://www.cpp.edu/~ombuds/,60
https://www.cpp.edu/~faculty-affairs/leaves/,38
https://www.cpp.edu/~payroll/calendars/holidays.shtml,33
https://www.cpp.edu/~em/,74
https://www.cpp.edu/~employee-assist/,64
https://www.cpp.edu/~parking/bronco-shuttle.shtml,10
https://www.cpp.edu/~irpa/dashboards/index.shtml,0
https://www.cpp.edu/~broncodirect/,0
https://www.cpp.edu/family,25
https://www.cpp.edu/orientation/resource-hub.shtml,53
https://www.cpp.edu/family/informing.shtml,13
https://www.cpp.edu/family/educating.shtml,14
https://www.cpp.edu/family/events.shtml,11
https://www.cpp.edu/admissions/index.shtml,34
https://www.cpp.edu/studentsuccess/bronco-advising-center/index.shtml,42
https://www.cpp.edu/career/,36
https://www.cpp.edu/student-accounting/index.shtml,23
https://www.cpp.edu/commencement/index.shtml,26
https://www.cpp.edu/oslcc/index.shtml,31
https://www.cpp.edu/financial-aid/,52
https://www.cpp.edu/housing/index.shtml,42
https://www.cpp.edu/~alumni/index.shtml,50
https://www.cpp.edu/alumni/about.shtml,41
https://www.cpp.edu/alumni/vision-and-purpose.shtml,38
https://www.cpp.edu/alumni/board.shtml,38
https://www.cpp.edu/alumni/member-benefits.shtml,43
https://www.cpp.edu/alumni/faqs.shtml,40
https://www.cpp.edu/alumni/chapters/index.shtml,38
https://www.cpp.edu/alumni/chapters/asi.shtml,38
https://www.cpp.edu/alumni/chapters/black.shtml,38
https://www.cpp.edu/alumni/chapters/business.shtml,38
https://www.cpp.edu/alumni/chapters/collins.shtml,38
https://www.cpp.edu/alumni/chapters/agalumni.shtml,38
https://www.cpp.edu/alumni/chapters/latino.shtml,38
https://www.cpp.edu/alumni/chapters/rose-float.shtml,38
https://www.cpp.edu/alumni/chapters/urp.shtml,38
https://www.cpp.edu/alumni/chapters/regional.shtml,38
https://www.cpp.edu/alumni/outstanding-alumni/index.shtml,44
https://www.cpp.edu/alumni/outstanding-alumni/about-distinguished.shtml,38
https://www.cpp.edu/alumni/outstanding-alumni/distinguishedalumnigala.shtml,38
https://www.cpp.edu/alumni/outstanding-alumni/2019-recipients.shtml,38
https://www.cpp.edu/alumni/outstanding-alumni/past-recipients.shtml,38
https://www.cpp.edu/~alumni/spotlight/,38
https://www.cpp.edu/alumni/student-outreach/index.shtml,39
https://www.cpp.edu/alumni/get-involved/index.shtml,44
https://www.cpp.edu/alumni/get-involved/professor.shtml,38
https://www.cpp.edu/alumni/get-involved/dining.shtml,38
https://www.cpp.edu/alumni/get-involved/mentoring.shtml,39
https://www.cpp.edu/alumni/events.shtml,39
https://www.cpp.edu/alumni/contact.shtml,38
https://www.cpp.edu/alumni/outstanding-alumni/meet2021honorees.shtml,38
https://www.cpp.edu/alumni/alumni-career-services.shtml,40
https://www.cpp.edu/alumni/zoombackgrounds.shtml,57
https://www.cpp.edu/~alumni/member-benefits.shtml,43
https://www.cpp.edu/alumni/get-involved/,44
https://www.cpp.edu/safer-return,29
https://www.cpp.edu/%7Epacesetters/,61
https://www.cpp.edu/orientation/freshmen-orientation/start-here.shtml,39
https://www.cpp.edu/orientation/freshmen-orientation/dates.shtml,39
https://www.cpp.edu/orientation/freshmen-orientation/costs.shtml,40
https://www.cpp.edu/orientation/freshmen-orientation/what-to-use.shtml,40
https://www.cpp.edu/orientation/freshmen-orientation/coming-to-campus.shtml,39
https://www.cpp.edu/orientation/freshmen-orientation/health-safety.shtml,43
https://www.cpp.edu/orientation/freshmen-orientation/checklist.shtml,59
https://www.cpp.edu/orientation/freshmen-orientation/faqs.shtml,46
https://www.cpp.edu/orientation/transfer-orientation/start-here.shtml,39
https://www.cpp.edu/orientation/transfer-orientation/dates.shtml,42
https://www.cpp.edu/orientation/transfer-orientation/cost.shtml,40
https://www.cpp.edu/orientation/transfer-orientation/what-to-use.shtml,40
https://www.cpp.edu/orientation/transfer-orientation/coming-to-campus.shtml,39
https://www.cpp.edu/orientation/transfer-orientation/health-safety.shtml,44
https://www.cpp.edu/orientation/transfer-orientation/checklist.shtml,57
https://www.cpp.edu/orientation/transfer-orientation/faqs.shtml,48
https://www.cpp.edu/orientation/parents-family/index.shtml,41
https://www.cpp.edu/orientation/parents-family/parent-faqs.shtml,42
https://www.cpp.edu/orientation/military-veterans/index.shtml,40
https://www.cpp.edu/orientation/international-orientation/index.shtml,40
https://www.cpp.edu/orientation/returning-students.shtml,38
https://www.cpp.edu/orientation/orientation-leaders/index.shtml,38
https://www.cpp.edu/orientation/faculty-staff/index.shtml,40
https://www.cpp.edu/orientation/about-us/index.shtml,38
https://www.cpp.edu/orientation/about-us/office-staff.shtml,38
https://www.cpp.edu/orientation/about-us/leaders.shtml,38
https://www.cpp.edu/orientation/contact-us.shtml,44
https://www.cpp.edu/president/index.shtml,33
https://www.cpp.edu/president/about/index.shtml,30
https://www.cpp.edu/president/about/memberships-and-appointments.shtml,30
https://www.cpp.edu/president/about/cv.shtml,30
https://www.cpp.edu/president/from-the-president/statements.shtml,41
https://www.cpp.edu/president/from-the-president/video-messages.shtml,45
https://www.cpp.edu/president/from-the-president/presidential-orders.shtml,32
https://www.cpp.edu/president/from-the-president/news.shtml,49
https://www.cpp.edu/president/strategic-planning.shtml,33
https://www.cpp.edu/president/campus-conversations/index.shtml,30
https://www.cpp.edu/president/campus-conversations/futurepaths.shtml,31
https://www.cpp.edu/president/campus-conversations/archive.shtml,34
https://www.cpp.edu/president/leadership.shtml,31
https://www.cpp.edu/president/schedule-the-president/index.shtml,30
https://www.cpp.edu/president/history/index.shtml,30
https://www.cpp.edu/president/honoring-exellence/presidents-scholars.shtml,30
https://www.cpp.edu/president/honoring-exellence/presidents-honor-list.shtml,30
https://www.cpp.edu/president/honoring-exellence/emeritus-awards.shtml,30
https://www.cpp.edu/president/compliance/index.shtml,31
https://www.cpp.edu/president/campus-leadership/index.shtml,37
https://www.cpp.edu/president/office-directory/index.shtml,35
https://www.cpp.edu/cafe/about-us/who-we-are.shtml,28
https://www.cpp.edu/cafe/about-us/request-services.shtml,28
https://www.cpp.edu/cafe/about-us/studio-6.shtml,29
https://www.cpp.edu/faculty-affairs,50
https://www.cpp.edu/cafe/about-us/newsletter.shtml,28
https://www.cpp.edu/cafe/programs-and-events/upcoming-programs.shtml,29
https://www.cpp.edu/cafe/programs-and-events/past-workshop-recordings.shtml,28
https://www.cpp.edu/cafe/programs-and-events/summer-institute.shtml,28
https://www.cpp.edu/cafe/teaching-and-learning/index.shtml,28
https://www.cpp.edu/cafe/teaching-and-learning/learning-technologies.shtml,36
https://www.cpp.edu/cafe/teaching-and-learning/quickstart-tutorials.shtml,38
https://www.cpp.edu/cafe/learning-objects,28
https://www.cpp.edu/cafe/new-faculty-resources/faculty-strengths.shtml,28
https://www.cpp.edu/cafe/new-faculty-resources/thriving-academy.shtml,29
https://www.cpp.edu/cafe/cool,28
https://www.cpp.edu/cafe/cool/speaker-series.shtml,28
https://www.cpp.edu/cafe/faculty-recognition/chai.shtml,28
https://www.cpp.edu/cafe/faculty-recognition/grant-projects-repository/,30
https://www.cpp.edu/cla/index.shtml,13
https://www.cpp.edu/cla/background-and-history.shtml,13
https://www.cpp.edu/cla/timeline.shtml,13
https://www.cpp.edu/cla/faqs.shtml,14
https://www.cpp.edu/together,14
https://www.cpp.edu/agri/index.shtml,109
https://www.cpp.edu/agri/about/index.shtml,77
https://www.cpp.edu/agri/agribusiness-agricultural-science/index.shtml,49
https://www.cpp.edu/agri/animal-science/index.shtml,48
https://www.cpp.edu/agri/apparel-merchandising-and-management/index.shtml,58
https://www.cpp.edu/agri/nutrition-food-science/index.shtml,50
https://www.cpp.edu/agri/plant-science/index.shtml,47
https://www.cpp.edu/agri/agricultural-research-institute/index.shtml,20
https://www.cpp.edu/~agriscapes/,1
https://www.cpp.edu/agri/apparel-technology-research-center/index.shtml,74
https://www.cpp.edu/agri/centers-and-more/carfs.shtml,68
https://www.cpp.edu/agri/centers-and-more/ctilt.shtml,72
https://www.cpp.edu/agri/urban/index.shtml,68
https://www.cpp.edu/agri/agribusiness-agricultural-science/programs/agribusiness-and-food-industry-management-bs.shtml,46
https://www.cpp.edu/agri/agribusiness-agricultural-science/programs/agriculture-science-bs.shtml,43
https://www.cpp.edu/agri/animal-science/programs/animal-health-science-bs.shtml,43
https://www.cpp.edu/agri/animal-science/programs/animal-science-bs.shtml,43
https://www.cpp.edu/agri/apparel-merchandising-and-management/programs/apparel-merchandising-and-management-bs.shtml,57
https://www.cpp.edu/agri/nutrition-food-science/programs/food-science-and-technology-bs.shtml,43
https://www.cpp.edu/agri/nutrition-food-science/programs/nutrition-bs.shtml,43
https://www.cpp.edu/agri/plant-science/programs/plant-science-bs.shtml,42
https://www.cpp.edu/agri/programs/agmasters.shtml,68
https://www.cpp.edu/agri/agribusiness-agricultural-science/programs/agricultural-ms-agricultural-science.shtml,46
https://www.cpp.edu/agri/animal-science/programs/agriculture-ms-animal-science.shtml,48
https://www.cpp.edu/agri/nutrition-food-science/programs/agriculture-ms-nutrition-and-food-science.shtml,48
https://www.cpp.edu/agri/plant-science/programs/agricultural-ms-plant-science.shtml,46
https://www.cpp.edu/ceu/degree-programs/iams/index.shtml,26
https://www.cpp.edu/ceu/degree-programs/dietetics/index.shtml,25
https://www.cpp.edu/agri/nutrition-food-science/programs/dietetic-internship.shtml,60
https://www.cpp.edu/agri/degrees/credentials.shtml#agricultural,67
https://www.cpp.edu/agri/degrees/credentials.shtml#single,67
https://www.cpp.edu/agri/programs/minors.shtml,69
https://www.cpp.edu/agri/agribusiness-agricultural-science/faculty-staff/index.shtml,59
https://www.cpp.edu/agri/animal-science/faculty-staff/index.shtml,66
https://www.cpp.edu/agri/apparel-merchandising-and-management/faculty-staff/index.shtml,65
https://www.cpp.edu/agri/nutrition-food-science/faculty-staff/index.shtml,72
https://www.cpp.edu/agri/plant-science/faculty-staff/index.shtml,56
https://www.cpp.edu/agri/staff/index.shtml,74
https://www.cpp.edu/agri/student-resources/advising/index.shtml,74
https://www.cpp.edu/agri/clubs-organizations/index.shtml,71
https://www.cpp.edu/agri/student-resources/first-year-experience.shtml,68
https://www.cpp.edu/agri/future-students/index.shtml,98
https://www.cpp.edu/agri/student-resources/internships.shtml,72
https://www.cpp.edu/agri/student-resources/scholarships.shtml,68
https://www.cpp.edu/agri/student-resources/student-employment.shtml,79
https://www.cpp.edu/agri/alumni/index.shtml,77
https://www.cpp.edu/agri/alumni/career.shtml,77
https://www.cpp.edu/agri/alumni/outstanding-alumni.shtml,81
https://www.cpp.edu/agri/alumni/events.shtml,78
https://www.cpp.edu/agri/alumni/parents-and-family.shtml,78
https://www.cpp.edu/agri/about/board-of-advisors.shtml ,10
https://www.cpp.edu/agri/alumni/update-info/index.shtml,75
https://www.cpp.edu/agri/alumni/share-alumni-story.shtml,75
https://www.cpp.edu/agri/alumni/contact-us.shtml,75
https://www.cpp.edu/agri/giving/why-give.shtml,68
https://www.cpp.edu/agri/giving/ways-to-give.shtml,68
https://www.cpp.edu/agri/giving/contact-us.shtml,68
https://www.cpp.edu/agri/news/articles/2022-la-county-fair-preview.shtml,70
https://www.cpp.edu/commencement/,26
https://www.cpp.edu/agri/news/articles/2022-alumni-award.shtml,71
https://www.cpp.edu/agri/news/articles/2022-spadra-organics.shtml,71
https://www.cpp.edu/agri/news/urban-and-community-agriculture.shtml,68
https://www.cpp.edu/~agriscapes,1
https://www.cpp.edu/~farmstore,11
https://www.cpp.edu/agri/news/articles/2022-yang-grant.shtml,70
https://www.cpp.edu/agri/news/articles/2021-landcare-competition.shtml,70
https://www.cpp.edu/agri/news/articles/2021-food-product-showcase.shtml,70
https://www.cpp.edu/agri/news/articles/2021-alumni-chapter.shtml,71
https://www.cpp.edu/agri/news/articles/2021-plant-based-kim.shtml,70
https://www.cpp.edu/agri/news/articles/2021-spice-grant.shtml,70
https://www.cpp.edu/agri/news/index.shtml,104
https://www.cpp.edu/agri/calendar/,78
https://www.cpp.edu/iams/index,10
https://www.cpp.edu/cpge/degree-programs/dietetics/index.shtml,25
https://www.cpp.edu/cba/index.shtml,69
https://www.cpp.edu/cba/about/index.shtml,40
https://www.cpp.edu/cba/accounting/index.shtml,91
https://www.cpp.edu/cba/computer-information-systems/index.shtml,97
https://www.cpp.edu/cba/technology-and-operations-management/ebz-curriculum/index.shtml,95
https://www.cpp.edu/cba/finance-real-estate-and-law/index.shtml,83
https://www.cpp.edu/cba/international-business-marketing/index.shtml,93
https://www.cpp.edu/cba/management-and-human-resources/index.shtml,87
https://www.cpp.edu/cba/business-minors/index.shtml,39
https://www.cpp.edu/cba/graduate-business-programs/index.shtml,25
https://www.cpp.edu/cba/graduate-business-programs/programs/mba.shtml,23
https://www.cpp.edu/cba/graduate-business-programs/programs/msis.shtml,21
https://www.cpp.edu/cba/graduate-business-programs/programs/msa.shtml,24
https://www.cpp.edu/ceu/degree-programs/business-analytics/,27
https://www.cpp.edu/cba/technology-and-operations-management/msdscm/home.shtml,100
https://www.cpp.edu/cba/student-success-center/index.shtml,47
https://www.cpp.edu/cba/fye/index.shtml,72
https://www.cpp.edu/cba/centers-and-labs/index.shtml,41
https://www.cpp.edu/cba/our-faculty/index.shtml,40
https://www.cpp.edu/cba/news-events/index.shtml,35
https://www.cpp.edu/cba/alumni-friends/index.shtml,34
https://www.cpp.edu/cba/college-giving/index.shtml,37
https://www.cpp.edu/cba/news-events/news/articles/sgv-economic-forecast-2022.shtml,32
https://www.cpp.edu/cba/news-events/news/articles/capossela-2022.shtml,32
https://www.cpp.edu/cba/news-events/news/articles/hemmatian-cool-2022.shtml,32
https://www.cpp.edu/cba/student-success-center/,47
https://www.cpp.edu/cba/future-students/,37
https://www.cpp.edu/cba/current-students/,39
https://www.cpp.edu/cba/current-students/organizations.shtml,34
https://www.cpp.edu/cba/academics/,63
https://www.cpp.edu/cba/scholarships.shtml,33
https://www.cpp.edu/cba/about/learning-goals.shtml,99
https://www.cpp.edu/cba/about/signature-experiences.shtml,45
https://www.cpp.edu/cba/news-events/leadership-forum/,33
https://www.cpp.edu/cba/fye/,72
https://www.cpp.edu/cba/current-students/deans-list.shtml,32
https://www.cpp.edu/cba/accounting/,91
https://www.cpp.edu/cba/computer-information-systems/,97
https://www.cpp.edu/cba/technology-and-operations-management/ebz-curriculum/,95
https://www.cpp.edu/cba/finance-real-estate-and-law/,83
https://www.cpp.edu/cba/international-business-marketing/,93
https://www.cpp.edu/cba/management-and-human-resources/,87
https://www.cpp.edu/cba/technology-and-operations-management/,98
https://www.cpp.edu/cba/graduate-business-programs/programs/covid19_index.shtml,20
https://www.cpp.edu/cba/graduate-business-programs/apply.shtml,1
https://www.cpp.edu/cba/graduate-business-programs/about/,21
https://www.cpp.edu/cba/graduate-business-programs/faqs.shtml,25
https://www.cpp.edu/cba/alumni-friends/,34
https://www.cpp.edu/cba/news-events/,35
https://www.cpp.edu/cba/student-spotlight/,44
https://www.cpp.edu/cba/current-students/executive-mentor-program.shtml,40
https://www.cpp.edu/cba/alumni-friends/distinguished-alumni.shtml,34
https://www.cpp.edu/cba/college-giving/,37
https://www.cpp.edu/~aboutcpp/visitor-information/directions.shtml,36
https://www.cpp.edu/events,16
https://www.cpp.edu/~aboutcpp/administration.shtml,44
https://www.cpp.edu/~admissions/index.shtml#undergraduate,34
https://www.cpp.edu/~admissions/index.shtml#graduate,34
https://www.cpp.edu/~admissions/index.shtml#international,34
https://www.cpp.edu/~academics/index.shtml,85
https://www.cpp.edu/~registrar/index.shtml,15
https://www.cpp.edu/~campus-life/index.shtml,79
https://www.cpp.edu/~campus-life/student-services/index.shtml,76
https://www.cpp.edu/~campus-life/health-wellness/index.shtml,66
https://www.cpp.edu/~alumni/,50
https://www.cpp.edu/giving/why-give.shtml,16
https://www.cpp.edu/giving/ways-give.shtml,16
https://www.cpp.edu/giving/where-to-give.shtml,16
https://www.cpp.edu/~ceis/index.shtml,67
https://www.cpp.edu/~ceis/about/index.shtml,68
https://www.cpp.edu/~ceis/departments.shtml,70
https://www.cpp.edu/~ceis/alumni-and-friends/index.shtml,64
https://www.cpp.edu/~ceis/news-events/index.shtml,394
https://www.cpp.edu/~ceis/giving/index.shtml,63
https://www.cpp.edu/~ceis/contact-us/index.shtml,62
https://www.cpp.edu/safety/coronavirus/index.shtml,1
https://www.cpp.edu/ceis/future-students/index.shtml,81
https://www.cpp.edu/ceis/credentials-graduates.shtml,63
https://www.cpp.edu/ceis/programs.shtml,72
https://www.cpp.edu/ceis/shoutout/index.shtml,60
https://www.cpp.edu/~ceis/news/pie-honors-25-teacher-candidates-with-4%comma%000-fellowships.shtml,60
https://www.cpp.edu/~ceis/news/liberal-studies-professor-to-perform-in-chorus-celebrating-the-life-of-freddie-mercury.shtml,60
https://www.cpp.edu/~jobs/index.shtml,25
https://www.cpp.edu/~safety/index.shtml,14
https://www.cpp.edu/website-feedback.php,1
https://www.cpp.edu/email.shtml,9
https://www.cpp.edu/engineering/index.shtml,71
https://www.cpp.edu/engineering/about/welcome-from-dean.shtml,66
https://www.cpp.edu/engineering/about/deans-office.shtml,64
https://www.cpp.edu/engineering/about/dlb.shtml,67
https://www.cpp.edu/engineering/industry-advisory-councils/index.shtml,64
https://www.cpp.edu/engineering/about/neighborhood.shtml,65
https://www.cpp.edu/engineering/about/mission.shtml,64
https://www.cpp.edu/engineering/about/strategic-planning.shtml,64
https://www.cpp.edu/engineering/about/rankings.shtml,64
https://www.cpp.edu/~engineering/about/coe-directory.pdf,0
https://www.cpp.edu/engineering/documents/about/coe-org-chair-w-support.pdf,0
https://www.cpp.edu/engineering/documents/about/coe-fact-sheet.pdf,0
https://www.cpp.edu/engineering/academics/undergrad.shtml,79
https://www.cpp.edu/engineering/aro/index.shtml,24
https://www.cpp.edu/engineering/cme/index.shtml,23
https://www.cpp.edu/engineering/ce/index.shtml,26
https://www.cpp.edu/engineering/ece/index.shtml,29
https://www.cpp.edu/engineering/et/index.shtml,21
https://www.cpp.edu/engineering/ime/index.shtml,18
