URL,Number of outlinks
https://ameblo.jp,107
https://ameblo.jp/donoban-web/entry-12736883378.html,31
https://ameblo.jp/staff/entry-12708328878.html,36
https://ameblo.jp/borderfreecosmetics,36
https://ameblo.jp/chunta-2011/,63
https://ameblo.jp/yukihomelife/,37
https://ameblo.jp/mmdisneymm/,39
https://ameblo.jp/blog_portal/all/ranking/,1557
https://ameblo.jp/pumiy0705/,52
https://ameblo.jp/abe-kawa-san/,119
https://ameblo.jp/blog_portal/category/kosodate/ranking/,234
https://ameblo.jp/yu-0303-ki/,49
https://ameblo.jp/hana-nya-7/,49
https://ameblo.jp/illallan/,31
https://ameblo.jp/blog_portal/category/fashion/ranking/,276
https://ameblo.jp/gooko26konkatsu/entry-12736774693.html?adxarea=ameblo-atp-br-pctpcs,26
https://ameblo.jp/shino-soumama/entry-12736888507.html?adxarea=ameblo-atp-br-pctpcs,32
https://ameblo.jp/sanba-pooh/entry-12736992107.html?adxarea=ameblo-atp-br-pctpcs,24
https://ameblo.jp/makana-aloha-02/entry-12736800443.html?adxarea=ameblo-atp-br-pctpcs,29
https://ameblo.jp/haosu-no/entry-12736936990.html?adxarea=ameblo-atp-br-pctpcs,22
https://ameblo.jp/kirakiramacaron/entry-12736861008.html?adxarea=ameblo-atp-br-pctpcs,26
https://ameblo.jp/co-da/entry-12736923306.html?adxarea=ameblo-atp-br-pctpcs,25
https://ameblo.jp/monemonemoneta/entry-12737012359.html?adxarea=ameblo-atp-br-pctpcs,22
https://ameblo.jp/blog_portal/category/kosodate/,128
https://ameblo.jp/blog_portal/category/fashion/,142
https://ameblo.jp/blog_portal/category/pet/,123
https://ameblo.jp/blog_portal/category/cooking/,100
https://ameblo.jp/blog_portal/category/beauty/,119
https://ameblo.jp/blog_portal/category/travel/,82
https://ameblo.jp/blog_portal/category/gourmet/,114
https://ameblo.jp/blog_portal/category/interior/,113
https://ameblo.jp/blog_portal/category/colum/,144
https://ameblo.jp/blog_portal/category/global/,100
https://ameblo.jp/blog_portal/category/specialist/,83
https://ameblo.jp/blog_portal/category/hobby/,105
https://ameblo.jp/minayo-watanabe/entry-12737124022.html?adxarea=Bna2s,23
https://ameblo.jp/yamadahanako-2021/entry-12737120340.html?adxarea=Bna2s,30
https://ameblo.jp/drre-re/entry-12736275284.html?adxarea=Bna2s,51
https://ameblo.jp/kaimin-yokomuki/entry-12737084760.html?adxarea=Bna2s,34
https://ameblo.jp/mimipopo-note/entry-12737041799.html?adxarea=Bna2s,31
https://ameblo.jp/momo-minbe/entry-12737074467.html?adxarea=Bna2s,27
https://ameblo.jp/ohara-kuwaoha/entry-12736979486.html?adxarea=Bna2s,29
https://ameblo.jp/nanacorean/entry-12736903759.html?adxarea=Bna2s,49
https://ameblo.jp/,107
https://ameblo.jp/donoban-web/,33
https://ameblo.jp/donoban-web/entrylist.html,70
https://ameblo.jp/donoban-web/imagelist.html,85
https://ameblo.jp/staff/,45
https://ameblo.jp/staff/entrylist.html,73
https://ameblo.jp/staff/imagelist.html,73
https://ameblo.jp/mogafamily/entry-12708868456.html,42
https://ameblo.jp/nami-sekiguchi/entry-12708898541.html,28
https://ameblo.jp/highfly-tana/entry-12708845652.html,34
https://ameblo.jp/yasuyo0308/entry-12708880760.html,33
https://ameblo.jp/fucknfuckn/entry-12708634169.html,33
https://ameblo.jp/borderfreecosmetics/,36
https://ameblo.jp/borderfreecosmetics/entrylist.html,65
https://ameblo.jp/borderfreecosmetics/imagelist.html,135
https://ameblo.jp/borderfreecosmetics/page-2.html,40
https://ameblo.jp/borderfreecosmetics/entry-12736859858.html,34
https://ameblo.jp/chunta-2011/entrylist.html,73
https://ameblo.jp/chunta-2011/imagelist.html,587
https://ameblo.jp/chunta-2011/page-2.html,65
https://ameblo.jp/chunta-2011/entry-12736936768.html,57
https://ameblo.jp/chunta-2011/entry-12737013669.html,58
https://ameblo.jp/chunta-2011/entry-12736922993.html,46
https://ameblo.jp/chunta-2011/entry-12736852568.html,64
https://ameblo.jp/chunta-2011/entry-12736673064.html,67
https://ameblo.jp/chunta-2011/entry-12736561316.html,59
https://ameblo.jp/chunta-2011/entry-12736493817.html,70
https://ameblo.jp/chunta-2011/entry-12736381638.html,52
https://ameblo.jp/chunta-2011/entry-12736306946.html,47
https://ameblo.jp/chunta-2011/entry-12736192399.html,44
https://ameblo.jp/chunta-2011/entry-12736033812.html,55
https://ameblo.jp/chunta-2011/entry-12735960727.html,60
https://ameblo.jp/chunta-2011/entry-12735776535.html,55
https://ameblo.jp/chunta-2011/entry-12735611438.html,56
https://ameblo.jp/chunta-2011/entry-12735479891.html,50
https://ameblo.jp/chunta-2011/entry-12735391058.html,49
https://ameblo.jp/chunta-2011/entry-12735227240.html,54
https://ameblo.jp/chunta-2011/entry-12735114223.html,64
https://ameblo.jp/chunta-2011/entry-12735048583.html,71
https://ameblo.jp/chunta-2011/entry-12734928710.html,61
https://ameblo.jp/yukihomelife/entrylist.html,73
https://ameblo.jp/yukihomelife/imagelist.html,347
https://ameblo.jp/yukihomelife/page-2.html,52
https://ameblo.jp/yukihomelife/entry-12734744920.html,36
https://ameblo.jp/yukihomelife/entry-12736995617.html,48
https://ameblo.jp/mmdisneymm/entrylist.html,73
https://ameblo.jp/mmdisneymm/imagelist.html,199
https://ameblo.jp/mmdisneymm/page-2.html,35
https://ameblo.jp/mmdisneymm/entry-12736775870.html,34
https://ameblo.jp/thinnerthinner/,63
https://ameblo.jp/socchidiary/,43
https://ameblo.jp/yukikoismart/,63
https://ameblo.jp/soratokaitekutoyobu/,69
https://ameblo.jp/wiltomo/,44
https://ameblo.jp/dekkaiossan9/,35
https://ameblo.jp/ohohohoho12345/,41
https://ameblo.jp/61680318/,64
https://ameblo.jp/riona0777/,42
https://ameblo.jp/4enjoylife/,55
https://ameblo.jp/otoofusan/,58
https://ameblo.jp/ryomamaaco/,35
https://ameblo.jp/aya21-0921/,94
https://ameblo.jp/yamamii-manga/,43
https://ameblo.jp/highmom/,43
https://ameblo.jp/rikako40/,38
https://ameblo.jp/jphotostyling/,70
https://ameblo.jp/hanausagimama/,52
https://ameblo.jp/otta3/,33
https://ameblo.jp/sayu561228/,37
https://ameblo.jp/mammy-boco/,97
https://ameblo.jp/86haru86haru86/,80
https://ameblo.jp/sakaguchiyuko/,55
https://ameblo.jp/egaogakawaii88/,169
https://ameblo.jp/loto0520/,38
https://ameblo.jp/yumy-shanghai/,54
https://ameblo.jp/sayuridayo88/,146
https://ameblo.jp/erincolife/,34
https://ameblo.jp/kurimama2013/,77
https://ameblo.jp/coco-eririko/,36
https://ameblo.jp/bistromayumi/,43
https://ameblo.jp/macb2b37/,47
https://ameblo.jp/arata201257/,46
https://ameblo.jp/1919wonderland/,81
https://ameblo.jp/kyonkyonniconico/,41
https://ameblo.jp/atomi29/,43
https://ameblo.jp/gal113/,41
https://ameblo.jp/yukitanoyonkoma/,61
https://ameblo.jp/neko--oyaji/,44
https://ameblo.jp/urashimajiro/,43
https://ameblo.jp/fuku-0809/,35
https://ameblo.jp/okanaru828/,41
https://ameblo.jp/kyoko-yuge/,35
https://ameblo.jp/suzume-0513/,43
https://ameblo.jp/kanonkomilk1985/,43
https://ameblo.jp/dance-39/,79
https://ameblo.jp/gg-interior/,52
https://ameblo.jp/brown-black-xoxo/,48
https://ameblo.jp/sakurakappa2007/,59
https://ameblo.jp/france-lifestyle2/,50
https://ameblo.jp/gadulin/,57
https://ameblo.jp/hiromin-yuki/,46
https://ameblo.jp/01120725/,129
https://ameblo.jp/fujiomiruka/,34
https://ameblo.jp/junskynet/,54
https://ameblo.jp/kekkon-monogatari/,43
https://ameblo.jp/apricotsin/,56
https://ameblo.jp/hikaritoyuuki/,65
https://ameblo.jp/scotland/,71
https://ameblo.jp/unkotetsu/,40
https://ameblo.jp/gintokoguma/,24
https://ameblo.jp/la-noppomen/,36
https://ameblo.jp/echaochao/,48
https://ameblo.jp/yuchunai/,63
https://ameblo.jp/sei-boiboi/,63
https://ameblo.jp/chouwaku/,37
https://ameblo.jp/kitapuri/,45
https://ameblo.jp/honeyhoneydip/,86
https://ameblo.jp/chiachi10jyu/,79
https://ameblo.jp/tokyo-morning-biyori/,53
https://ameblo.jp/tadashikjp/,43
https://ameblo.jp/brille-brille/,56
https://ameblo.jp/lifewithboys/,55
https://ameblo.jp/aroundfifty50/,56
https://ameblo.jp/momonodo/,149
https://ameblo.jp/kurochan20030113/,67
https://ameblo.jp/precious-being-day/,54
https://ameblo.jp/lanlanleaf/,184
https://ameblo.jp/moon3sun8/,42
https://ameblo.jp/yu-ma-0811/,33
https://ameblo.jp/mainichi-okaimonobiyori/,46
https://ameblo.jp/zenryokushissouol/,53
https://ameblo.jp/xx573xx/,45
https://ameblo.jp/lea1987/,43
https://ameblo.jp/wanta0322/,137
https://ameblo.jp/firstcorgi/,44
https://ameblo.jp/19791225mk/,101
https://ameblo.jp/annhaksoon/,66
https://ameblo.jp/3mama0303/,24
https://ameblo.jp/rinmam/,44
https://ameblo.jp/rocobaby/,65
https://ameblo.jp/waimanalobeach/,71
https://ameblo.jp/haruharuko3/,40
https://ameblo.jp/kaigoayakat/,43
https://ameblo.jp/niyome/,65
https://ameblo.jp/nacomusud/,44
https://ameblo.jp/tmtni0531/,46
https://ameblo.jp/aratamakoto/,63
https://ameblo.jp/olivegardening/,63
https://ameblo.jp/lovelymilly/,70
https://ameblo.jp/laaroma/,31
https://ameblo.jp/kota-narin/,34
https://ameblo.jp/sentaku8/,58
https://ameblo.jp/marivoo/,50
https://ameblo.jp/shokohime1979/,33
https://ameblo.jp/changminyumi/,35
https://ameblo.jp/kurashi-no-katachi/,33
https://ameblo.jp/p-perontan/,43
https://ameblo.jp/satomicalifornia/,38
https://ameblo.jp/hinask55/,63
https://ameblo.jp/joyblog/,37
https://ameblo.jp/utako-to-uzura/,52
https://ameblo.jp/komachi-diet/,50
https://ameblo.jp/cloverleaf55/,47
https://ameblo.jp/mona163cmdiet/,47
https://ameblo.jp/afkane/,64
https://ameblo.jp/hikaiti/,39
https://ameblo.jp/zannenyome/,48
https://ameblo.jp/ricoroco-ameba/,63
https://ameblo.jp/tokyo-horumon/,105
https://ameblo.jp/htrkmk/,224
https://ameblo.jp/noripetit/,53
https://ameblo.jp/kakokako64/,46
https://ameblo.jp/shiroshibakinako/,36
https://ameblo.jp/xo-glitter-xo/,59
https://ameblo.jp/chichiko1128/,63
https://ameblo.jp/kao-rarm-9/,43
https://ameblo.jp/shiropig/,51
https://ameblo.jp/aitama-pf/,46
https://ameblo.jp/rie-ting/,45
https://ameblo.jp/komeko2014/,29
https://ameblo.jp/yuukari45/,40
https://ameblo.jp/momonoricopin/,43
https://ameblo.jp/rn7kp0n/,45
https://ameblo.jp/anessa2020/,108
https://ameblo.jp/ruu-blog/,76
https://ameblo.jp/oyashironoura/,57
https://ameblo.jp/tokyo-girl-6013/,43
https://ameblo.jp/aki1236/,35
https://ameblo.jp/arahaka1962/,46
https://ameblo.jp/surgery/,26
https://ameblo.jp/hamati565-13/,80
https://ameblo.jp/leah0607/,36
https://ameblo.jp/konan-77/,24
https://ameblo.jp/sirotama3/,43
https://ameblo.jp/kt-kaigo/,62
https://ameblo.jp/akr-neko/,43
https://ameblo.jp/omochi-kinako-mochi/,56
https://ameblo.jp/mariburumitiko/,78
https://ameblo.jp/maimocoto/,31
https://ameblo.jp/vanilla-days/,134
https://ameblo.jp/ushicohomepage0827/,45
https://ameblo.jp/adcym723adcym723/,165
https://ameblo.jp/karin0321/,43
https://ameblo.jp/fox0909/,63
https://ameblo.jp/jyagaimokororin/,42
https://ameblo.jp/ukky-monkey/,43
https://ameblo.jp/drippingofpoison/,31
https://ameblo.jp/georgesigrek/,64
https://ameblo.jp/a-organize/,43
https://ameblo.jp/sayo-st345/,55
https://ameblo.jp/koichi-shoot/,58
https://ameblo.jp/2525unickey/,43
https://ameblo.jp/yume-koyome/,63
https://ameblo.jp/bono-gura/,43
https://ameblo.jp/ayacosmeholic/,43
https://ameblo.jp/ayuccchiii728/,43
https://ameblo.jp/konkonmanma/,43
https://ameblo.jp/torappachi/,76
https://ameblo.jp/room-cozy/,49
https://ameblo.jp/haru-osa-kyo/,63
https://ameblo.jp/kyupin/,47
https://ameblo.jp/reireireipyon/,63
https://ameblo.jp/akr-greenmen-oooh/,29
https://ameblo.jp/dapanda45/,45
https://ameblo.jp/naruru8854/,50
https://ameblo.jp/yuridenn/,115
https://ameblo.jp/miranda1105/,42
https://ameblo.jp/terawear/,75
https://ameblo.jp/kpopknowledge101/,26
https://ameblo.jp/synchro2011/,34
https://ameblo.jp/mimispace/,70
https://ameblo.jp/leehana1/,43
https://ameblo.jp/mizunotoshirou/,43
https://ameblo.jp/musi863/,38
https://ameblo.jp/musume-nichijo/,35
https://ameblo.jp/erihktabearuki/,43
https://ameblo.jp/hilomichilomic/,36
https://ameblo.jp/namiseimiya/,43
https://ameblo.jp/zushi-pu/,45
https://ameblo.jp/hinon5911/,43
https://ameblo.jp/eming-k/,83
https://ameblo.jp/cha0222/,42
https://ameblo.jp/ing2nd/,69
https://ameblo.jp/aiai987654/,54
https://ameblo.jp/nsktc/,50
https://ameblo.jp/monelate/,35
https://ameblo.jp/techitechi/,74
https://ameblo.jp/ton2019/,43
https://ameblo.jp/at91033/,46
https://ameblo.jp/rakurakuyutaiseikatsu/,55
https://ameblo.jp/tamagoyamatamako/,83
https://ameblo.jp/lovepeace1008/,71
https://ameblo.jp/higuminfamilly/,355
https://ameblo.jp/yomenekonekoneko/,74
https://ameblo.jp/amami-blog/,43
https://ameblo.jp/cestmignon-mau/,43
https://ameblo.jp/mutsugoroanimalkingdom/,29
https://ameblo.jp/sachiarehokuou/,55
https://ameblo.jp/yumezou0629/,29
https://ameblo.jp/maroo-maro/,76
https://ameblo.jp/bluelapislazuli77/,36
https://ameblo.jp/vivi-0105-vivi-y/,39
https://ameblo.jp/cookinglish/,26
https://ameblo.jp/ukkykumi-b/,117
https://ameblo.jp/erueru25/,36
https://ameblo.jp/samy-yoga/,25
https://ameblo.jp/ifplant-riri/,43
https://ameblo.jp/mame-daisuki-penguin/,48
https://ameblo.jp/kadupoo/,64
https://ameblo.jp/yoko-bys/,43
https://ameblo.jp/2015fukuoka/,43
https://ameblo.jp/yoahiruwear/,41
https://ameblo.jp/cocoti-yoi-kurashi/,63
https://ameblo.jp/nom562b/,28
https://ameblo.jp/gurugoe/,35
https://ameblo.jp/haru-natsu-14/,63
https://ameblo.jp/airi-taito/,54
https://ameblo.jp/amebacampblog/,48
https://ameblo.jp/soloist-table/,42
https://ameblo.jp/hiromindo/,30
https://ameblo.jp/pochimaru-heima/,41
https://ameblo.jp/ikedaikemi/,44
https://ameblo.jp/chouchoukoti/,50
https://ameblo.jp/lovable-kitchen/,53
https://ameblo.jp/kazuki12mama/,24
https://ameblo.jp/sekitachi/,72
https://ameblo.jp/mailand918/,34
https://ameblo.jp/dogcafe-tokyo/,36
https://ameblo.jp/shibameron/,39
https://ameblo.jp/minoruland/,39
https://ameblo.jp/airdream-monarch/,43
https://ameblo.jp/cam-mikko/,206
https://ameblo.jp/kobe1000/,51
https://ameblo.jp/uchi-no-uchi/,43
https://ameblo.jp/miimiyashita/,383
https://ameblo.jp/dameyome47/,63
https://ameblo.jp/azuuu21/,193
https://ameblo.jp/ramania/,43
https://ameblo.jp/sakura-beautiful/,54
https://ameblo.jp/olhonne/,55
https://ameblo.jp/akosioako/,37
https://ameblo.jp/1173chiyo/,43
https://ameblo.jp/togimoti/,43
https://ameblo.jp/musu-kawa/,41
https://ameblo.jp/asatiku/,45
https://ameblo.jp/spasaunalove/,73
https://ameblo.jp/glmrian/,45
https://ameblo.jp/yoko-chibi/,89
https://ameblo.jp/aoyama-colong/,67
https://ameblo.jp/bubblyninja/,64
https://ameblo.jp/mugiwahei/,43
https://ameblo.jp/kaukau-hawaii/,72
https://ameblo.jp/sakuracafe001/,25
https://ameblo.jp/rurishika/,41
https://ameblo.jp/kame-kyu/,38
https://ameblo.jp/ks-myhome/,366
https://ameblo.jp/bluesun11/,41
https://ameblo.jp/kikuharu-ocd/,35
https://ameblo.jp/torachanthecat/,44
https://ameblo.jp/cocoemi-ame/,40
https://ameblo.jp/57120708/,28
https://ameblo.jp/kaimugi-mama/,40
https://ameblo.jp/ami-interior/,43
https://ameblo.jp/caw-gemini/,79
https://ameblo.jp/aru-king/,68
https://ameblo.jp/macontact/,34
https://ameblo.jp/hanafukukozaru/,39
https://ameblo.jp/hibana927/,27
https://ameblo.jp/tatsuko--nekooyaji/,25
https://ameblo.jp/daisuki-ayumi/,48
https://ameblo.jp/iunityyuri/,77
https://ameblo.jp/nobekotoazuki/,85
https://ameblo.jp/gurumesyatyou/,32
https://ameblo.jp/keity1011/,32
https://ameblo.jp/hinami-ouchiiro/,40
https://ameblo.jp/nobaranohibi/,40
https://ameblo.jp/peach-lovely/,97
https://ameblo.jp/kaerit/,46
https://ameblo.jp/kyaro1981/,49
https://ameblo.jp/amaccho5160/,43
https://ameblo.jp/ryokosato-todai/,31
https://ameblo.jp/accomamalife/,103
https://ameblo.jp/gan-mm/,66
https://ameblo.jp/sachi82012/,25
https://ameblo.jp/togetogeillust/,63
https://ameblo.jp/emblema/,48
https://ameblo.jp/yururito-masayo/,29
https://ameblo.jp/non4ikuzi/,33
https://ameblo.jp/bukicchomom/,135
https://ameblo.jp/manga777ryou/,63
https://ameblo.jp/sakuwa3728/,180
https://ameblo.jp/rie-mrmt/,43
https://ameblo.jp/yusuke-karube/,30
https://ameblo.jp/golf-philosophy/,61
https://ameblo.jp/d1r2e3a4m/,63
https://ameblo.jp/yukirichi119/,43
https://ameblo.jp/marty2367/,51
https://ameblo.jp/mmmmay0129/,43
https://ameblo.jp/makorin-to-penko/,42
https://ameblo.jp/benkichi-7/,119
https://ameblo.jp/toaruarako/,35
https://ameblo.jp/heimr/,27
https://ameblo.jp/bbetti/,27
https://ameblo.jp/abekawa-maki/,26
https://ameblo.jp/mmefrance/,66
https://ameblo.jp/naggy2018/,62
https://ameblo.jp/remix-ree/,43
https://ameblo.jp/alphalavie-fm/,42
https://ameblo.jp/kay1219/,27
https://ameblo.jp/infection1985/,52
https://ameblo.jp/higuchisatoko/,42
https://ameblo.jp/seri1/,39
https://ameblo.jp/hanatomo84/,32
https://ameblo.jp/yu115ki/,43
https://ameblo.jp/cafe-wakayama/,29
https://ameblo.jp/amebatorie01/,38
https://ameblo.jp/stb2010/,43
https://ameblo.jp/ba034045/,60
https://ameblo.jp/nyprtkifml/,39
https://ameblo.jp/hitomionsen/,29
https://ameblo.jp/lifeorganizer-yoshiko/,89
https://ameblo.jp/wabkun/,58
https://ameblo.jp/612-saori/,32
https://ameblo.jp/pekosouji/,32
https://ameblo.jp/birthdaybirthday-kira/,39
https://ameblo.jp/jikuucosme/,33
https://ameblo.jp/fufu-fuwa/,29
https://ameblo.jp/hiroe512/,30
https://ameblo.jp/okinawa-photograph/,43
https://ameblo.jp/irakoir/,43
https://ameblo.jp/youhua09/,29
https://ameblo.jp/umekoara963/,61
https://ameblo.jp/petit-code/,66
https://ameblo.jp/snipsnip-decoupage/,63
https://ameblo.jp/happymichelle24/,27
https://ameblo.jp/hana-maru-style/,43
https://ameblo.jp/mingar0313/,43
https://ameblo.jp/mayoerukobuta/,38
https://ameblo.jp/kyusan0225/,32
https://ameblo.jp/yumetoma3/,125
https://ameblo.jp/inmygarden/,33
https://ameblo.jp/ryuhey1024/,60
https://ameblo.jp/afternoon-tea-time/,31
https://ameblo.jp/shiori-shima/,43
https://ameblo.jp/artyurika3113/,43
https://ameblo.jp/grand--max/,87
https://ameblo.jp/tokusokuol/,25
https://ameblo.jp/joyeuxponopono/,45
https://ameblo.jp/cc4976/,64
https://ameblo.jp/chichyetsu740204/,53
https://ameblo.jp/hp7nk/,44
https://ameblo.jp/kazakin/,50
https://ameblo.jp/shie0125/,43
https://ameblo.jp/nuts-pancake/,43
https://ameblo.jp/tarragon/,65
https://ameblo.jp/shiroirohome/,28
https://ameblo.jp/kimsapp21/,63
https://ameblo.jp/cocon-makeup/,40
https://ameblo.jp/lioneye/,68
https://ameblo.jp/minnielove0930/,34
https://ameblo.jp/0380aya/,62
https://ameblo.jp/tomooo-25/,37
https://ameblo.jp/petit-village-france/,47
https://ameblo.jp/pepe---handmade/,43
https://ameblo.jp/mayami0707-keiba/,49
https://ameblo.jp/mtokt/,41
https://ameblo.jp/uchinokoto-m/,28
https://ameblo.jp/sahee91/,64
https://ameblo.jp/mmk929/,28
https://ameblo.jp/beautifulmania/,107
https://ameblo.jp/anzujam-k/,31
https://ameblo.jp/sanki0102/,41
https://ameblo.jp/chinta-04/,63
https://ameblo.jp/rina-takei/,43
https://ameblo.jp/yopipi1127/,49
https://ameblo.jp/strawberry-candy218/,49
https://ameblo.jp/ka4ooo910/,38
https://ameblo.jp/inari-oji/,27
https://ameblo.jp/p-risa0609/,34
https://ameblo.jp/kzkjr/,30
https://ameblo.jp/chachamaru-ch/,26
https://ameblo.jp/myanmar-inle/,361
https://ameblo.jp/nachiomi-eguchu/,69
https://ameblo.jp/itokana1015/,43
https://ameblo.jp/aisawamica/,43
https://ameblo.jp/foodanalyst-yu/,38
https://ameblo.jp/sakiibukihazuki/,32
https://ameblo.jp/aimihara/,43
https://ameblo.jp/rv9084/,26
https://ameblo.jp/hedgehog-azuki/,24
https://ameblo.jp/chicchimochicchimo/,43
https://ameblo.jp/nao1223o/,43
https://ameblo.jp/tachumaru38/,29
https://ameblo.jp/acos-magic/,256
https://ameblo.jp/yuukko-moon/,43
https://ameblo.jp/ccfhc/,36
https://ameblo.jp/hanako-style-blog/,33
